Sample me,Location,Latitude,Longitude,Sampling time (Hrs),Temperature,COND,pH ,Turb NTU,CHLA RFU,CDOM RFU,TRPN RFU,TH ppm,TSS mg/L,COD mg/L,BOD mg/L,DO mg/L,NO3 ppm,NO2 ppm,NH4 ppm,Cl ppm,Na ppm,K ppm,Ca ppm,Mg ppm,TC cfu/100ml,FC cfu/100ml
GDVR_RJMN_20170419_st_01,RJMN,16.9536,81.7808,9:30,31.62,220,8.51,0.5,,,,44.2,1,16,2,5.2,3,0.01,0.2,28.36,7.15,1.46,15.6,7.9,,
GDVR_RJMN_20170419_st_02,RJMN,16.9691,81.774,9:45,31.33,175,9.52,0.4,,,,46.4,1,14,2,5.4,2.8,0.01,0.2,14.18,10.16,2.01,15.3,7.6,,
GDVR_RJMN_20170419_st_03,RJMN,17.0279,81.7679,10:30,32.17,210,8.55,0.2,,,,48.9,1,16,2,5.5,2.5,0.01,0.2,28.36,6.28,1.39,16,7.5,,
GDVR_RJMN_20170419_st_04,RJMN,17.0048,81.7662,11:00,32.29,157,8.28,0.1,,,,59.9,1,12,1,5.1,2,0.01,0.2,21.27,8.74,1.77,24,4.5,,
GDVR_RJMN_20170427_st_01,RJMN,16.967,81.777,8:30,32.52,157,8.51,0.1,,,,24,1,18,2.2,5.6,2.5,0.01,0.2,35.45,12.5,2.58,8.8,5.2,0.5,0.5
GDVR_RJMN_20170427_st_02,RJMN,16.9549,81.7815,8:50,33.03,178,8.74,0.2,,,,20,1,14,2,5.4,3.2,0.01,0.2,31.196,6.8,1.65,11.2,2.4,1,0.5
GDVR_RJMN_20170427_st_03,RJMN,17.0056,81.7661,9:45,33.2,164,8.84,0.1,,,,22,1,16,2.1,5.6,2.8,0.01,0.2,28.36,6.87,1.63,11.2,3.2,0.5,0.5
GDVR_RJMN_20170427_st_04,RJMN,17.0291,81.7678,10:15,32.87,140,8.76,0.1,,,,22,1,14,1.8,5.7,2.3,0.01,0.2,28.36,7.99,1.78,12,2.8,0.5,1
GDVR_RJMN_20170505_st_01,RJMN,17.02954,81.7669,8:10,32,216,8.72,0.1,,,,21,1,20,2.5,5.1,2.2,0.01,0.2,39.704,7.08,1.67,10.4,3.2,0.5,1
GDVR_RJMN_20170505_st_02,RJMN,17.0537,81.741,8:45,31.46,178,8.74,0.2,,,,26,1,16,2,5.3,3.2,0.01,0.2,26.942,8.19,1.77,11.2,4.8,0.5,0.5
GDVR_RJMN_20170505_st_03,RJMN,17.0053,81.7662,9:40,32.55,164,8.84,0.1,,,,23,1,12,1,5,2.8,0.01,0.2,26.942,7.34,1.74,15.2,1.6,0.5,0.5
GDVR_RJMN_20170505_st_04,RJMN,16.9543,81.7804,10:30,32.66,140,8.76,0.1,,,,31,1,21,2,5.2,2.3,0.01,0.2,38.286,11.75,2.32,12,6.4,0.5,0.5
GDVR_RJMN_20170511_st_01,RJMN,16.953,81.778,17:20,33.01,185.5,8.65,0.1,,,,34,1,1.9,18,5.2,2,0.01,0.2,,,,26.4,0.4,1,1
GDVR_RJMN_20170511_st_02,RJMN,16.9831,81.7667,18:20,32,129.9,8.55,0.1,,,,9,1,2,15,5.4,2.2,0.01,0.2,,,,3.2,2,1,0.5
GDVR_RJMN_20170512_st_03,RJMN,17.0289,81.7668,7:15,31.6,182.8,9.14,0.1,,,,25,1,1.5,15,5.5,2,0.01,0.2,,,,11.2,4.4,0.5,1
GDVR_RJMN_20170512_st_04,RJMN,17.0179,81.739,8:00,31.36,66.6,8.44,0.1,,,,69,1,1.8,18,5.3,1.8,0.01,0.2,,,,13.6,20.8,1,1
GDVR_RJMN_20170518_st_01,RJMN,17.0253,81.7672,15:59,34,234,8.85,0.8,,,,33,1,23,2,5.5,2.3,0.01,0.2,34.032,15.9,4.95,16,5.2,1,1
GDVR_RJMN_20170518_st_02,RJMN,17.0213,81.7409,17:00,34.09,135,8.93,0.4,,,,19,1,18,1.8,5.7,2.1,0.01,0.2,22.688,5.66,1.54,12,1.6,1,1
GDVR_RJMN_20170518_st_03,RJMN,16.9963,81.7571,17:24,33.8,121.7,8.67,0.3,,,,31,1,17,1.6,5.4,1.8,0.01,0.2,25.524,6.35,1.59,18.4,3.2,1,0.5
GDVR_RJMN_20170518_st_04,RJMN,16.9547,81.781,18:08,34.42,126.3,8.64,0.2,,,,25,1,20,1.9,5.8,2,0.01,0.2,25.524,6.49,1.58,13.6,3.2,0.5,0.5
GDVR_RJMN_20170525_st_01,RJMN,17.0286,81.7673,7:22,33.22,290,9.01,0.3,,,,39,1,2.7,25,5.8,2.4,0.01,0.2,39.704,12.74,3.61,24.8,3.2,5,2
GDVR_RJMN_20170525_st_02,RJMN,17.01425,81.741,8:10,33.28,142,8.78,0.3,,,,34,1,2,22,5.9,2.2,0.01,0.2,25.524,7.69,1.59,8.8,9.2,7,1
GDVR_RJMN_20170525_st_03,RJMN,16.9517,81.7515,9:00,33.2,128.5,8.69,0.2,,,,33,1,1.9,21,5.6,2,0.01,0.2,32.614,7.37,1.6,20,3.2,21,3
GDVR_RJMN_20170525_st_04,RJMN,16.9549,81.7818,9:35,33.35,128.5,8.5,0.2,,,,34,1,2.1,23,5.5,2.4,0.01,0.2,25.524,6.15,1.64,11.2,8,5,1
GDVR_NRSP_20170529_st01,NRSP,16.4463,81.7073,11:55,33,32540,7.3,,,,,1750,18,60,30,5.5,5.2,0.01,0.2,496,5344,210,920,240,0.5,0.5
GDVR_NRSP_20170529_st02,NRSP,16.4414,81.7234,12:20,32.81,40540,8.01,,,,,2100,21,63,32,5.8,6,0.01,0.2,1773,8435,315,600,540,5,2
GDVR_NRSP_20170529_st03,NRSP,16.4255,81.7021,12:50,32.84,41410,8.08,,,,,2400,20,61,34,5.2,5.2,0.01,0.2,1843,9358,360,1160,380,0.5,0.5
GDVR_RJMN_20170531_st_01,RJMN,17.01034,81.76029,,32.78,290,9.49,0.5,,,,38,1,29,2.7,5.5,2.5,0.01,0.2,41.122,11.26,2.47,16.8,6.8,6,1
GDVR_RJMN_20170531_st_02,RJMN,16.95564,81.78165,,34.05,248,9.17,0.4,,,,38,1,26,2,5.7,2.2,0.01,0.2,26.942,6.02,1.6,13.6,8.4,6,1
GDVR_RJMN_20170531_st_03,RJMN,16.98873,81.77469,,33.86,280,9.03,0.5,,,,33,1,28,2.5,5.8,2.3,0.01,0.2,34.032,10.93,2.32,19.2,3.6,5,1
GDVR_RJMN_20170615_st_01,RJMN,17.02816,81.76722,7:15,30.01,156,8.03,0.4,,,,20,3,15,2.3,4.9,2.5,0.01,0.2,50,5.7,1.92,8,4,5,0.5
GDVR_RJMN_20170615_st_02,RJMN,17.02011,81.73973,8:51,30.01,123.2,7.83,0.3,,,,21,3,12,2,4.7,2.2,0.01,0.2,75,22.49,5.53,4.8,6,6,1
GDVR_RJMN_20170615_st_03,RJMN,16.9963,81.75504,9:15,30.18,110.1,7.91,0.5,,,,17,4,14,2.1,4.5,2,0.01,0.2,65,3.29,1.06,4.8,4.4,8,1
GDVR_RJMN_20170615_st_04,RJMN,16.9545,81.78149,10:00,30.12,140.1,7.69,0.4,,,,21,5,13,1.9,4.6,2.2,0.01,0.2,70,4.46,1.84,4.8,6,6,0.5
GDVR_NRSP_20170620_st01,NRSP,16.4462,81.70743,11:40,30.47,6390,7.06,,,,,400,8,29,20,5.3,2.9,0.01,0.2,2250,959,169,360,,12,1
GDVR_NRSP_20170620_st02,NRSP,16.443172,81.72320833,12:15,30.9,10650,7.14,,,,,600,10,22,18,5.1,2.6,0.01,0.2,5500,1208,95,320,80,8,1
GDVR_NRSP_20170620_st03,NRSP,16.42676,81.7016,12:50,30.54,3890,7.86,,,,,1650,9,24,19,5,2.6,0.01,0.2,13750,4114,391,200,560,10,1
GDVR_NRSP_20170620_st04,NRSP,16.42271,81.69989,13:15,30.43,3910,7.81,,,,,1750,10,21,17,4.8,2,0.01,0.2,15000,4285,285,640,380,12,1
GDVR_RJMN_20170624_st_01,RJMN,17.02385,81.76725,8:39,29.88,231,8.3,1.3,,,,27,4,55,35,5,2.8,0.01,0.2,55,9.1,2.92,15.2,3.2,7,1
GDVR_RJMN_20170624_st_02,RJMN,17.01833,81.74005,9:45,30.35,187,8.02,11.5,,,,20,5,30,29,4.9,2.9,0.01,0.2,55,7.59,2.77,12,2,8,2
GDVR_RJMN_20170624_st_03,RJMN,16.99495,81.75727,10:06,30.51,178,8.04,5,,,,31,6,35,28,4.8,2.5,0.01,0.2,45,7.57,2.63,9.6,7.6,6,1
GDVR_RJMN_20170624_st_04,RJMN,16.95399,81.78091,10:45,30.58,174,8,3.1,,,,26,6,28,20,4.6,2.4,0.01,0.2,50,7.44,2.53,8,6.4,7,2
GDVR_NRSP_20170627_st_01,NRSP,16.44565,81.70965,6:45,28.08,7300,6.94,,,,,250,8,20,29,4.9,2.4,0.01,0.2,400,629,46,360,,12,6
GDVR_NRSP_20170627_st_02,NRSP,16.445,81.72476,7:10,28.64,5730,6.97,,,,,250,10,25,32,4.7,2.9,0.01,0.2,500,805,44,560,,19,8
GDVR_NRSP_20170627_st_03,NRSP,16.42618,81.70153,8:20,29.46,390,7.61,,,,,1550,6,20,26,4.6,2.3,0.01,0.2,2950,4380,237,1080,80,10,4
GDVR_NRSP_20170627_st_04,NRSP,16.42618,81.70153,14:00,29.36,2460,8.15,,,,,2800,4,18,20,4.5,2,0.01,0.2,4000,7274,311,1360,440,8,2
Yamu_NDEL_20170711_st_01,DELH,28.68752,77.23008,11.02,32.74,1432,6.93,11.3,,,,104,30,310,130,2.3,25,0.03,0.2,60,107.4,15,2520,820,25,20
Yamu_NDEL_20170711_st_02,DELH,28.69526,77.22927,10.58,32.65,1517,7.04,15.6,,,,124,20,300,110,1.9,24,0.02,0.2,62,117.9,18.3,2600,1180,20,18
Yamu_NDEL_20170711_st_03,DELH,28.70529,77.23266,10.51,32.74,1688,7.01,24.5,,,,133,45,360,200,2.26,28,0.04,0.2,66,76.5,10.7,2760,1280,40,45
Yamu_NDEL_20170711_st_04,DELH,28.66553,77.23829,10.01,32.73,1308,6.95,10.2,,,,113,20,315,180,2.02,25,0.03,0.2,64,85.6,12.4,2520,1000,40,38
GDVR_NRSP_20170726_st01,NRSP,16.44663,81.70583,8:10,,171.1,7.96,,,,,44.2,28.9,40,8.2,,4.6,0.01,0.2,600,1074,150,205,50,6,1
GDVR_NRSP_20170726_st02,NRSP,16.44469,81.72416,8:35,,166.8,7.99,,,,,46.4,30.8,28,9.1,,4.2,0.01,0.2,620,1173,183,231,76,7,2
GDVR_NRSP_20170726_st03,NRSP,16.43598,81.70767,9:15,,167.7,7.57,,,,,48.9,28.05,22,7.3,,4,0.01,0.2,660,765,107,228,75,8,1
GDVR_NRSP_20170726_st04,NRSP,16.42498,81.70099,10:20,,166.8,7.68,,,,,59.9,30.5,25,8.3,,4.4,0.01,0.2,640,856,135,235,45,6,1
GDVR_NRSP_20170802_st_01,NRSP,16.44658,81.70622,7:10,31.89,909,7.01,,,,,,20,30,13,3.4,15,0.01,0.2,96,1580,221,,,9,2
GDVR_NRSP_20170802_st_02,NRSP,16.44459,81.72399,7:45,32.03,2290,6.9,,,,,,50,40,18,3.5,20,0.01,0.2,151,2010,354,,,8,2
GDVR_NRSP_20170802_st_03,NRSP,16.43083,81.70487,8:20,32.5,7150,6.94,,,,,,30,60,23,4.3,32,0.01,0.2,720,2560,311,,,6,1
GDVR_NRSP_20170802_st_04,NRSP,16.4256,81.7012,8:45,31.49,5570,7.19,,,,,,17,54,20,3.8,25,0.01,0.2,400,1830,275,,,7,2
Yamu_NDEL_20170902_st_01,DELH,28.70466667,77.23227778,9.3,29.44,170.1,7.96,99,,,,150,30,29,7.3,,3.2,0.01,0.2,300,11.85,0.82,7.2,57.6,7,1
Yamu_NDEL_20170902_st_02,DELH,28.69244444,77.22969444,9.51,29.32,173.7,7.96,140,,,,160,56,52,6.9,,3.8,0.01,0.2,350,9.16,0.8,8,64,8,1
Yamu_NDEL_20170902_st_03,DELH,28.66607,77.23708,10.13,29.34,169,7.66,133,,,,170,23,46,5.9,,3.6,0.01,0.3,350,8.9,0.75,6.4,51.2,18,6
Yamu_NDEL_20170902_st_04,DELH,28.66158,77.24914,10.36,29.35,168.3,7.76,78,,,,190,28,42,6.5,,4.3,0.01,0.1,300,5.18,0.44,7.2,57.6,16,3
GDVR_RJMN_20170916_st_01,RJMN,17.00472,81.76658,,31.76,162,7.68,96.5,,,,70,26,33,7.1,7.05,4.1,0.01,0.6,100,8.54,1.81,1.6,12.8,6,2
GDVR_RJMN_20170916_st_02,RJMN,17.02892,81.76748,,31.84,165,7.91,93,,,,60,23,32,5.1,7.6,4.9,0.01,0.6,200,12.12,2.03,2.4,19.2,11,1
GDVR_RJMN_20170916_st_03,RJMN,17.02735,81.75571,,31.92,169,7.83,65,,,,90,18,36,6.2,7.9,3.8,0.01,0.2,100,8.08,1.8,2.4,19.2,3,2
GDVR_RJMN_20170916_st_04,RJMN,16.9548,81.7819,,32.27,171.1,7.36,63,,,,70,21,32,7.2,8.56,4.1,0.01,0.1,150,10.13,1.94,1.6,12.8,5,1
GDVR_NRSP_20170920_st_01,NRSP,16.44659,81.70633,7:10,29.41,172,7.68,96.5,,,,170,26,33,7.1,3.58,4.1,0.01,0.6,1100,99.13,12.82,4.8,38.4,7,2
GDVR_NRSP_20170920_st_02,NRSP,16.445,81.72459,8:00,29.9,165,7.91,91,,,,370,23,32,5.1,7.57,4.9,0.01,0.6,3700,49.52,39.75,4.8,38.4,14,4
GDVR_NRSP_20170920_st_03,NRSP,16.43482,81.70632,9:00,29.76,169,7.83,67,,,,300,18,36,6.2,8.82,3.8,0.01,0.2,3400,100.93,25.89,7.2,57.6,8,2
GDVR_NRSP_20170920_st_04,NRSP,16.4248,81.70063,9:20,29.86,171.1,7.36,63,,,,410,21,32,7.2,8.5,4.1,0.01,0.1,2350,51.07,41.41,7.2,57.6,5,1
GDVR_RJMN_20170921_st_01,RJMN,17.00458,81.76654,9:20,29.93,170.1,7.96,96.5,,,,80,28.9,40,8.2,6.31,4.5,0.01,0.2,150,14.03,2.46,4,32,6,1
GDVR_RJMN_20170921_st_02,RJMN,17.03017,81.767136,10:00,30.09,173.7,7.96,130,,,,110,33,42,6.3,7.1,4.8,0.01,0.1,300,198,29,12,96,9,1
GDVR_RJMN_20170921_st_03,RJMN,16.99662,81.76491,11:10,30.23,169,7.66,126,,,,50,37,46,5.8,7.01,3.8,0.01,0.3,150,8.31,2.25,2.4,19.2,18,6
GDVR_RJMN_20170921_st_04,RJMN,16.95483,81.78186,11:50,30.07,168.3,7.76,89,,,,70,22,39,6.8,5.63,4,0.01,0.7,100,19.26,4.27,4,32,11,1
GDVR_NRSP_20170927_st_01,NRSP,16.44615,81.70764,8:20,28.68,169,7.03,83,,,,,15,23,5,0.36,4.8,0.01,0.09,,,,,,3,
GDVR_NRSP_20170927_st_02,NRSP,16.44498,81.72476,9:10,30.68,168.3,7.63,92,,,,,12,29,6.2,5.17,3.6,0.01,0.3,,,,,,6,1
GDVR_NRSP_20170927_st_03,NRSP,16.43444,81.70715,10:05,30.89,172,7.1,76,,,,,9,18,6.8,7.49,3.9,0.01,0.1,,,,,,5,1
GDVR_NRSP_20170927_st_04,NRSP,16.42472,81.70081,10:30,30.61,165,7.96,95,,,,,5,12,4.9,6.55,4.5,0.01,0.2,,,,,,2,1
GDVR_NRSP_20171014_st_01,NRSP,16.44666,81.70597,7:45,31.58,805,6.88,5.1,68.7,1797.2,91.4,80,28.8,7.8,38,3.54,3.8,0.01,0.01,150,13.2,5.82,2.4,19.2,9,6
GDVR_NRSP_20171014_st_02,NRSP,16.44394,81.73279,8:10,32.73,1883,7.2,60.1,151.7,1786.4,90.7,220,30.2,8.6,26,6.43,4.6,0.01,0.2,750,22.29,1.03,7.2,57.6,14,8
GDVR_NRSP_20171014_st_03,NRSP,16.43481,81.70715,9:20,32.06,1276,7.58,31.7,23.5,598.4,46.5,110,28.68,7.8,24,6.31,3.6,0.01,0,550,16.25,0.96,6.4,51.2,16,6
GDVR_NRSP_20171014_st_04,NRSP,16.42448,81.70098,9:45,31.96,5960,7.6,22.3,23.9,732.8,55.6,280,30.2,8.3,25,6.09,4.2,0.01,0.2,2300,95.03,3.27,11.2,89.6,13,7
GDVR_NRSP_20171018_st_01,NRSP,16.44674,81.70569,8:45,30.65,3280,7.07,16.9,290.8,792.8,34.7,210,28.4,7.4,36,3.18,3.6,0.01,0.2,1350,51.8,2.09,9.6,76.8,7,8
GDVR_NRSP_20171018_st_02,NRSP,16.44408,81.73285,9:15,30.99,6490,7.48,8.8,305.7,828.8,27.8,330,30.4,8.4,25,6,4.8,0.01,0.2,2750,94.31,3.64,8,64,13,7
GDVR_NRSP_20171018_st_03,NRSP,16.43413,81.70691,10:25,31.08,5950,7.6,9.2,282.3,815.2,31.3,300,28.72,7.2,23,6,3.8,0.01,0.2,2650,110.85,3.65,6.4,51.2,15,9
GDVR_NRSP_20171018_st_04,NRSP,16.4248,81.70067,10:40,31.25,1077,7.6,12.9,260.3,783.6,36.1,470,30.5,8.2,26,5.82,4.6,0.01,0.2,4550,178.6,59,8.8,70.4,12,8
DRIN_NRSP_20171026_St_01,NRSP,16.26754,81.42449,,,856,6.94,,,,,,28,225.4,96,0.1,5.189,,16.7,,,,,,,150
DRIN_NRSP_20171026_St_02,NRSP,16.26567,81.42597,,,1312,7.13,,946.6,6031.4,380.2,,32,254.8,107,0.1,18.692,,6.6,,,,,,,1600
DRIN_NRSP_20171026_St_03,NRSP,16.25605,81.42049,,,1659,7.23,,704.8,2548.9,187.3,,36,235.2,92,0.1,14.232,,32.1,,,,,,,210
DRIN_NRSP_20171026_St_04,NRSP,16.25483,81.41999,,,7780,7.25,,886.4,2064.9,74,,14,127,16,8.6,3.493,,0.1,,,,,,,58
DRIN_NRSP_20171026_St_05,NRSP,16.25937,81.41166,,,1846,7.16,,812.5,2047.2,71.7,,26,284,112,0.1,20.663,,53.8,,,,,,,540
DRIN_NRSP_20171026_St_06,NRSP,16.26381,81.41834,,,709,7.28,,,,,,40,196,74,0.1,18.763,,30.4,,,,,,,210
DRIN_NRSP_20171026_St_07,NRSP,16.26322,81.41563,,,677,7.41,,,,,,4,58.8,6,2.2,5.049,,0.1,,,,,,,210
DRIN_NRSP_20171026_St_08,NRSP,16.26152,81.4067,,,1946,6.98,,,,,,26,264.4,84,0.1,4.802,,8.8,,,,,,,58
DRIN_NRSP_20171026_St_09,NRSP,16.26878,81.42204,,,931,7.37,,576.1,2212,113.8,,8,68.6,14,1.7,3.916,,0.6,,,,,,,43
GDVR_RJMN_20171102_St_01,RJMN,17.0045,81.76649,11:40,29.55,226,7.84,2.9,630.4,537.5,44.2,80,28.7,34,7.4,8.34,3.3,0.01,0.2,51.6,6.42,2.43,4.8,1.6,8,7
GDVR_RJMN_20171102_St_02,RJMN,17.02866,81.76799,12:15,29.36,1374,7.26,23.1,1039.2,1779.2,148.8,160,15.2,28,8.5,5.62,4.8,0.01,0.2,103.2,11.26,6.14,8,4,13,9
GDVR_RJMN_20171102_St_03,RJMN,16.99637,81.76639,13:00,29.9,1163,7.31,3.3,2038,188,20.2,104,15.8,23,7.7,7.1,3.8,0.01,0.2,51.6,5.89,1.9,4.8,2.8,17,9
GDVR_RJMN_20171102_St_04,RJMN,16.95462,81.78179,13:30,30.04,4230,7.71,2.3,706.8,557.7,50.7,80,30.4,26,8.5,7.4,4.6,0.01,0.2,34.4,6.28,2.37,3.2,2.4,14,8
GDVR_NRSP_20171103_St_01,NRSP,16.4469,81.70567,7:30,28.51,3080,7.86,2.6,352.4,775.6,46.2,576,18,22,6.7,4.28,3.3,0.01,0.2,2081.2,19.34,1.32,11.2,23.2,11,9
GDVR_NRSP_20171103_St_02,NRSP,16.4447,81.72406,8:05,28.98,3060,7.78,4.1,319.4,400.3,28.7,1240,18.1,23,7.8,6,4.8,0.01,0.2,4816,23.56,1.65,19.2,52.4,16,7
GDVR_NRSP_20171103_St_03,NRSP,16.43436,81.7066,9:00,28.61,2990,7.42,1.9,241,203.4,28.1,1328,12.3,24,7.6,6.05,3.8,0.01,0.2,4730,44.89,2.41,16.8,58,15,2
GDVR_NRSP_20171103_St_04,NRSP,16.42455,81.70044,9:32,28.64,3110,6.23,2.8,130,500.8,32,1744,28.6,21,8.1,6.07,4.6,0.01,0.2,5590,28.89,1.92,17.6,78.4,12,7
GDVR_RJMN_20171108_St_01,RJMN,17.00455,81.76652,8:30,28.31,228,7.85,23.5,851.6,546.5,39.5,136,28.6,33,7.6,7.82,3.1,0.01,0.2,34.4,7.59,2.27,11.2,1.2,7,9
GDVR_RJMN_20171108_St_02,RJMN,17.02872,81.76791,8:50,29.81,1370,7.39,17.1,1082,2328.8,77.4,184,15.1,26,8.3,5.7,4.6,0.01,0.2,120.4,17.69,11.46,9.6,4.4,12,8
GDVR_RJMN_20171108_St_03,RJMN,16.99639,81.76695,9:30,28.47,214,7.98,2.5,747.6,536,37.2,80,15.6,22,7.6,7.2,3.3,0.01,0.2,34.4,6.84,2.1,6.4,0.8,16,7
GDVR_RJMN_20171108_St_04,RJMN,16.95472,81.78181,10:10,28.15,225,7.4,1.8,605.4,615.2,49.2,80,30.2,28,8.4,5.88,4.5,0.01,0.2,34.4,6.54,2.31,6.4,0.8,12,6
GDVR_NRSP_20171110_st_01,NRSP,16.44669,81.70572,7:20,27.72,765,7.43,10.6,834.4,632.4,40.3,80,28.4,32,7.3,3.71,3.1,0.01,0.2,172,94.72,6.52,6.4,0.8,7,9
GDVR_NRSP_20171110_st_02,NRSP,16.44403,81.7331,8:20,27.38,6360,7.39,8.1,900,584.8,46.7,400,15.6,22,8.6,3.85,4.2,0.01,0.2,1032,5,0.9,12,14,11,7
GDVR_NRSP_20171110_st_03,NRSP,16.4345,81.71728,9:00,28.16,1064,8.1,2.2,334,633.6,40,480,15.2,22,7.6,6.82,3.6,0.01,0.2,3887.2,18.24,1,21.6,13.2,16,8
GDVR_NRSP_20171110_st_04,NRSP,16.42508,81.70091,9:30,28.23,1458,8.17,2.7,542,577.2,38.9,648,30.2,24,8.6,6.33,4.5,0.01,0.2,4884.8,21.8,1.4,16.8,24,12,6
GDVR_NRSP_20171123_St_01,NRSP,16.44672,81.70597,8:30,28.79,219,7.42,24.4,168.8,485.6,28.5,96,29.33,34,7.6,6.36,3.1,0.01,0.2,103.2,1.86,0.79,3.2,3.2,7,9
GDVR_NRSP_20171123_St_02,NRSP,16.44388,81.73256,9:25,28.52,1278,7.88,8.4,1169.6,746,57.1,680,16,29,8.6,5.94,4.1,0.01,0.2,2459.6,13.54,0.74,19.2,24.4,12,9
GDVR_NRSP_20171123_St_03,NRSP,16.43497,81.70754,10:05,28.77,7530,8.06,2.5,242.8,478.8,32.4,864,15,22,7.8,6.32,3.6,0.01,0.2,3302.4,18.82,1.25,16.8,34.8,16,8
GDVR_NRSP_20171123_St_04,NRSP,16.42554,81.70109,10:30,29,1871,7.98,1.6,298.1,400.4,29.5,1032,18,21,8.1,6.46,4.2,0.01,0.2,3904.4,35.88,1.48,15.2,44,12,7
GDVR_RJMN_20171125_St_01,RJMN,17.00455,81.76652,15:11,28.97,229,8,5.4,873.2,507.2,41.6,104,4,32,7.1,5.14,3.1,0.01,0.2,34.4,15.47,2.98,4.8,2.8,6,9
GDVR_RJMN_20171125_St_02,RJMN,17.02876,81.76802,15:40,28.72,995,7.09,14.2,1504,1543.2,90.8,56,25,22,8.6,6.54,4.1,0.01,0.2,68.8,26.93,4.84,4.8,0.4,11,8
GDVR_RJMN_20171125_St_03,RJMN,16.99698,81.76489,16:50,28.88,208,7.08,2.8,775.6,415.1,31.5,40,8,21,7.6,6.92,3.2,0.01,0.2,34.4,14.26,2.68,3.2,0.4,12,8
GDVR_RJMN_20171125_St_04,RJMN,16.95437,81.78149,17:50,28.32,227,7.92,3,1360.8,481.7,42.4,40,9,22,8.1,6.57,4.8,0.01,0.2,34.4,15.09,4.96,3.2,0.4,11,9
NGVD_BANL_20171202_st_01,BGLR,13.04588,77.60961,12:20,22.45,452,6.82,8.4,11091,1369,169,56,18,20,7.3,,3.1,0.01,0.2,86,111.47,15.36,4,0.8,16,8
ULSR_BANG_20171203_St_01,BGLR,12.978741,77.61978,9:35,22.72,331,7.02,5.1,15332,1169.2,138.6,56,22,21,7.3,,3.2,0.01,0.2,51.6,29.2,11.35,2.4,1.6,10,8
ULSR_BANG_20171203_St_02,BGLR,12.983174,77.620093,9:50,22.41,328,6.92,5.8,14744,1195.2,136.6,64,12,20,7.8,,2.8,0.01,0.2,68.8,29.89,11.77,3.2,1.6,11,7
ULSR_BANG_20171203_St_03,BGLR,12.98551,77.62022,10:15,22.49,329,7.03,4.7,11860,1209.2,143.6,72,11,18,7.3,,2.3,0.01,0.2,68.8,29.86,11.74,4,1.6,13,9
ULSR_BANG_20171203_Even_St_01,BGLR,12.978741,77.61978,18:05,23.07,317,7.17,5.3,,,,40,8,16,6.8,,4.2,0.01,0.2,51.6,31,12,3.2,0.4,18,7
ULSR_BANG_20171203_Even_St_02,BGLR,12.983174,77.620093,18:20,23.44,332,7.12,5.6,,,,48,12,23,7.4,,2.8,0.01,0.2,86,27.45,10.94,4,0.4,11,8
ULSR_BANG_20171203_Even_St_03,BGLR,12.98551,77.62022,18:35,23.52,330,7.02,3.8,,,,64,13,24,6.4,,2.6,0.01,0.2,86,28.36,11.25,4,1.2,10,6
GDVR_RJMN_20171208_St_01,RJMN,17.00452,81.76652,7:50,25.09,210,8.16,2.3,,,,56,8,28,7.2,6.49,3.1,0.01,0.2,68.8,13.03,2.65,4,0.8,12,9
GDVR_RJMN_20171208_St_02,RJMN,17.02869,81.76802,8:20,24.72,312,7.87,4.5,,,,88,9,22,8.2,6.52,3.5,0.01,0.2,34.4,16.32,2.87,4,2.4,11,7
GDVR_RJMN_20171208_St_03,RJMN,16.99178,81.76732,9:30,25.24,189.4,8.07,1.5,,,,160,7,19,7.1,6.84,2.8,0.01,0.2,51.6,12.32,2.41,0.8,0.4,14,8
GDVR_RJMN_20171208_St_04,RJMN,16.95481,81.78199,10:00,24.91,408,7.01,2.8,,,,120,10,22,7.8,5.82,3.8,0.01,0.2,34.4,28.62,6.43,4,4,12,9
GDVR_NRSP_20171215_st_01,NRSP,16.4471,81.7052,6:40,26.24,8420,7.06,2.3,1383.6,2188,152.3,558,16,240,2.1,2.15,3.6,,0.2,4275,29.3,1.26,18.4,15.6,21,9
GDVR_NRSP_20171215_st_02,NRSP,16.4434,81.73042,7:30,26.68,3330,7.82,3.8,388.4,400,33.8,1674,28,460,2.4,5.31,2.8,,0.2,13950,38.69,1.54,24.8,62,14,8
GDVR_NRSP_20171215_st_03,NRSP,16.43463,81.7075,8:00,26.56,339,7.83,2.1,289.8,405.2,31.1,1548,16,200,1.8,5.81,3.6,,0.2,13725,88.3,3.14,23.2,57.2,17,11
GDVR_NRSP_20171215_st_04,NRSP,16.4248,81.70067,8:30,26.56,328,7.85,2.4,304.8,407.2,30.4,1530,20,220,2,5.88,3.1,,0.2,13275,78.24,2.92,21.6,57.2,11,6
GDVR_NRSP_20180105_st_01,NRSP,16.44675,81.70569,8:00,24.38,3810,7.05,11.8,15916,2615.2,165.2,468,41.3,180,4.6,0.5,3.1,,0.2,3105,19.93,0.9,15.2,13.2,18,9
GDVR_NRSP_20180105_st_02,NRSP,16.44339,81.73052,9:00,24.63,12290,7.35,7.3,901.2,1065.6,57.6,1071,27.3,220,8.7,2.7,3.1,,0.2,8505,48.01,1.75,18.4,38.4,16,10
GDVR_NRSP_20180105_st_03,NRSP,16.43442,81.70674,9:40,25.53,17880,7.57,3.5,922.4,427.6,43.1,1773,30,420,8.7,5.81,4.1,,0.2,13500,80.13,2.89,26.4,65.6,14,9
GDVR_RJMN_20180106_st_01,RJMN,16.99888,81.76821,7:40,23.88,105.1,6.66,3.4,,,,135,18,65,4.3,5.5,2.6,,0.2,135,12.98,2.92,12.8,2.4,17,7
GDVR_RJMN_20180106_st_02,RJMN,17.02877,81.76802,8:15,23.62,177.8,7.35,4.8,2845.2,1175.6,73.8,72,40,90,3.1,6.57,3.2,,0.2,180,28.1,3.81,15.2,4.4,11,6
GDVR_RJMN_20180106_st_03,RJMN,17.02511,81.7528,8:45,23.91,74.9,7.75,1.5,189.7,256.5,31.5,216,14,45,2.3,7.2,0.8,,0.2,90,7.59,1.85,11.2,4,14,8
GDVR_RJMN_20180106_st_04,RJMN,16.95484,81.7819,10:20,24.35,536,6.88,6.6,386.4,646.4,147.8,207,58,110,3,6.77,4.1,,0.2,180,82.04,18.52,13.6,2.4,15,10
GDVR_NRSP_20180119_st_01,NRSP,16.99898,81.76821,7:40,,459,6.81,2.8,,,,701.6,26,60,3.9,5.85,1.2,,0.2,585,19.76,8.68,4,1.2,24,18
GDVR_NRSP_20180119_st_02,NRSP,17.0288,81.76805,8:15,,1378,6.74,8.3,,,,1052.4,42,120,1.6,6.25,2.1,,0.2,630,120,14.6,8,0.8,20,12
GDVR_NRSP_20180119_st_03,NRSP,17.02202,81.75982,8:45,,387,7.13,1.1,,,,350.8,13,40,5.4,7.14,1.2,,0.2,675,7.28,1.76,3.2,,22,14
GDVR_NRSP_20180119_st_04,NRSP,16.95488,81.78202,10:20,,596,6.97,6.4,,,,1227.8,29,80,5.4,4.47,2.6,,0.2,270,75.1,18.14,6.4,2.4,,
GANG_VARN_20180203_st_01,VRNS,25.28368,83.0099,7:10,19.27,710,7.52,2.7,1160,1561.2,199.8,160.2,7.6,0,3,2.5,12.82,1.33,0.84,765,46.94,7.6,11.2,1.6,280,17
GANG_VARN_20180203_st_02,VRNS,25.30997,83.01378,8:20,19.12,609,8.38,0.9,1114.8,937.2,85.2,106.8,5,10,3,6.4,10.93,0.41,0.58,8055,44.77,6.77,4.8,2.4,14,2
GANG_VARN_20180203_st_03,VRNS,25.32276,83.03352,8:50,19.17,618,8.44,0.7,1127.2,919.6,77.9,124.6,4.7,10,3,6.9,9.46,0.26,0.68,675,46.81,6.85,21.6,5.2,17,2
GDVR_NRSP_20180208_St_01,NRSP,16.44653,81.70667,8:10,25.78,15710,7.25,3.7,,,,883.2,9,20,3,1.6,4.07,0.079,2.6,1575,2653,124,14.4,31.2,80,11
GDVR_NRSP_20180208_St_02,NRSP,16.44525,81.72519,9:15,26.32,19210,7.55,2.4,,,,1297.2,7.1,10,14,2.9,5.05,1.38,0.025,5085,2781,181,14.4,49.2,2,2
GDVR_NRSP_20180208_St_03,NRSP,16.42434,81.70031,10:29,26.96,35700,8.31,1.5,,,,1738.8,5.8,20,3,3,4.19,0.043,0.296,10350,4923,207,16.8,67.2,14,2
GDVR_RJMN_20180209_St_01,RJMN,17.01438,81.76805,8:56,,178,8.22,3.1,,,,82.8,8.1,0,3,5,4.63,0.32,1.409,360,24.35,4.74,4,1.6,13,2
GDVR_RJMN_20180209_St_02,RJMN,17.02152,81.75733,9:40,,110,7.46,2.9,,,,82.8,7.8,20,3,6.6,4.59,1,1.3,225,105.1,19,4.8,1.2,2,2
GDVR_RJMN_20180209_St_03,RJMN,16.95481,81.7819,10:45,,199,6.92,3.1,,,,165.6,8.1,40,3,0.6,1.09,0.336,0.839,765,82.99,18.75,10.4,2,27,12
GDVR_NRSP_20180215_st_01,NRSP,16.44683,81.76562,7:45,26.71,23000,7.19,0.12,1122.8,1465.6,142.1,1185.8,3.9,50,10,3,6.97,0.05,0.05,10230,380.6,14.9,31.2,32.8,26,8
GDVR_NRSP_20180215_st_02,NRSP,16.44492,81.71853,9:00,27.22,42000,7.94,1.44,1122,450.8,33.7,2283.4,5.7,450,80,6,2.22,0.04,0.05,20832,1566,62,52.8,66.8,9,2
GDVR_NRSP_20180215_st_03,NRSP,16.42443,81.70024,9:55,27.34,44000,8.1,2.28,1351.2,368.2,42.2,2361.8,6.9,1100,240,5.9,2.2,0.04,0.05,22506,7862,267,25.6,83.6,17,7
GDVR_RJMN_20180216_St_01,RJMN,17.0288,81.76802,6:55,25.11,258,8.32,1.95,472.8,698.4,41.4,88.2,6.5,10,3,3,1.9,0.24,0.05,93,10.83,1.91,4,1.6,13,2
GDVR_RJMN_20180216_St_02,RJMN,16.95567,81.7497,8:32,25.45,173,8.27,0.12,307.8,286.5,35.8,176.4,3.9,0.5,3,3.4,1.41,0.013,0.05,37.2,6.75,1.55,12,1.2,4,2
GDVR_RJMN_20180216_St_03,RJMN,16.95483,81.78186,9:20,25.73,390,7.13,2.04,434.8,1546,141.4,156.8,6.6,0.5,3,2.9,2.79,1.125,0.05,111.6,23.97,7.24,8,2.4,14,4
GDVR_NRSP_20180222_St_01,NRSP,16.44664,81.70627,8:10,26.78,13060,7.15,2.5,736,1568,170.3,735,7.3,20,4,5,4.29,0.02,3.71,5776,38,39,10.4,24.8,2,2
GDVR_NRSP_20180222_St_02,NRSP,16.44515,81.72498,9:00,27.24,38200,7.64,4.2,1674.8,1010,59.3,1715,9.7,100,30,5,3.97,0.02,0.03,17484,2517,92,25.6,57.2,2,2
GDVR_NRSP_20180222_St_03,NRSP,16.43468,81.70738,9:30,27.93,48100,7.57,3.6,1316.8,596.4,50.6,2018.8,8.8,100,20,4.9,3.27,0.02,0.01,20460,4921,168,19.2,72.8,2,2
GDVR_RJMN_20180223_St_01,RJMN,17.0288,81.76799,8:05,26.08,240,7.47,2.5,524.4,1024.4,47.3,147,7.3,0,3,6.4,1.9,0.02,0.14,74.4,16.74,2.59,4.8,3.6,4.5,2
GDVR_RJMN_20180223_St_02,RJMN,17.01537,81.74011,8:50,26.09,147,7.25,3.3,176.2,255.1,32.4,245,8.4,0,3,6.5,3.17,0.02,0.01,74.4,3.71,0.98,7.2,6.4,2,2
GDVR_RJMN_20180223_St_03,RJMN,16.94985,81.7529,9:50,26.89,150,7.62,2.8,199.7,247.7,28.3,205.8,7.7,10,3,7,1.54,0.02,0.01,93,3.65,1.22,4.8,6,4,2
GDVR_RJMN_20180223_St_04,RJMN,16.57173,81.46547,10:40,27.58,290,7.42,3.2,610.7,3175.6,236.1,245,8.3,0,3,1,6.43,0.02,0.01,130.2,41.15,11.57,8.8,5.6,4.5,2
GDVR_NRSP_20180301_St_01,NRSP,16.44678,81.70569,7:40,28.32,37500,7.45,2.5,,,,1871.8,7.3,30,100,5.2,3.205,0.025,1.947,19334,646.9,26.8,18.4,67.2,7,2
GDVR_NRSP_20180301_St_02,NRSP,16.44529,81.72525,8:30,28.44,42200,7.87,2.6,1527.6,514,35.3,1891.4,7.4,60,300,5,2.778,0.022,0.022,20646,646.9,26.8,10.4,72,2,2
GDVR_NRSP_20180301_St_03,NRSP,16.43186,81.70578,9:30,28.41,45000,7.9,2.5,1034.4,426.3,33.2,1979.6,7.3,50,250,5,2.682,0.014,0.67,28458,1087.4,46.1,14.4,73.6,14,4
GANG_KOKT_20180404_St_01,KLKT,22.55672,88.32831,11:10,28.02,274,7.41,72.5,650.4,278.4,32.2,135.49,107.5,54.85,39,5.66,22,,5.4,130.2,15.58,4.52,10.4,1.6,96000,26000
GANG_KOKT_20180404_St_02,KLKT,22.58663,88.34776,11:45,27.98,273,7.37,84.8,601.2,375,39.3,103.61,125.1,27.43,15,5.7,3,,0.075,111.6,17.05,4.67,7.2,1.6,111000,51000
GANG_KOKT_20180404_St_03,KLKT,22.57883,88.34289,12:30,28.11,273,7.37,53.2,590.4,370.6,32.6,127.52,79.8,27.43,14,6.08,3.8,,0,167.4,18.06,4.83,9.6,1.6,56500,17500
GANG_KOKT_20180404_St_04,KLKT,22.54811,88.30864,13:05,28.14,273,7.37,77.9,584.8,414.8,40.4,127.52,115.2,41.14,25,5.77,3.5,,0,204.6,26.82,4.62,9.6,1.6,59000,16000
BRHP_GWHT_20180406_St_01,GWHT,26.17242,91.69816,12:35,,117,7.61,45.4,628.4,221.6,33.9,143.46,68.7,96,11.64,8.36,,,,130.2,11.6,3.06,44,14.8,,
BRHP_GWHT_20180406_St_02,GWHT,26.17824,91.69873,12:50,,,7.65,48.6,597.2,217.2,30.6,167.37,73.2,104,13.13,8.16,,,,130.2,3.82,2.53,8.8,4,,
BRHP_GWHT_20180406_St_03,GWHT,26.17242,91.69816,13:20,,116,7.58,68.1,539.6,225.8,27.3,175.34,101.2,98,12.23,8.37,,,,204.6,2.75,2.3,13.6,2,,
YUMN_NDEL_20180415_St_01,DELH,28.62759,77.25435,9:30,26.72,2120,7.57,4.5,1043.2,4218.8,292.4,191.28,10.1,500,100,0,19.23,0.011,1.762,587.4,237.4,22.7,11.2,4,920,2
YUMN_NDEL_20180415_St_02,DELH,28.56742,77.29944,11:15,29.17,1258,7.74,2.6,2205.2,6820,196.3,191.28,7.4,100,30,0.3,19.57,0.01,1.704,338.2,102.7,22,12.8,3.2,1600,6.8
YUMN_NDEL_20180416_St_03,DELH,28.70069,77.23032,9:00,26.64,2240,7.5,9.1,1098,3340,224.1,215.19,16.7,500,90,0,19.99,0.232,1.304,658.6,264.6,27.7,32.8,5.6,920,4
YUMN_NDEL_20180416_St_04,DELH,28.66579,77.23784,10:15,26.93,2040,7.43,10,1122.4,3441.6,238.3,247.07,18,100,30,0.5,18.78,0.116,1.63,551.8,240.7,23.5,45.6,10.4,1600,4
GDVR_NRSP_20180314_St_01,NRSP,16.44664,81.70578,7:50,29.09,36200,7.48,2.7,,,,236.79,7.6,200,50,1.02,3.31,0.02,2.19,18786,7571,2655,23.2,44,4.5,14
GDVR_NRSP_20180314_St_02,NRSP,16.44516,81.72498,8:40,29.12,22400,7.6,2.5,4427.2,1134,86.4,219.25,7.3,100,20,5.52,4.33,0.062,0.39,11718,5257,2597,29.6,28,4,17
GDVR_NRSP_20180314_St_03,NRSP,16.42452,81.70031,10:00,29.51,36200,7.49,2.7,1824.8,625.2,57.3,236.79,7.6,100,30,5.2,4.11,0.036,3.82,18228,11823,2745,30.4,41.2,12,21
GANG_KOKT_20180531_St_01,KLKT,22.55942,88.32714,13:04,31.34,328,7.73,14.2,514.8,323.9,39,1420,24,450,120,6.17,3.81,0.1,0.01,100,12.21,2.65,11.2,,170000,21000
GANG_KOKT_20180531_St_02,KLKT,22.59176,88.34774,13:50,31.29,338,7.75,12.5,513.2,370.4,39.8,1250,21.6,600,150,5.78,3,0.1,0.02,120,12.95,2.86,6.4,,280000,33000
GANG_KOKT_20180531_St_03,KLKT,22.613,88.3601,14:20,31.33,370,7.62,12.2,532,310.2,35.9,1220,21.1,100,20,6,3.37,0.05,0.92,120,13.9,3.02,3.2,2.4,1600000,45000
GANG_VRNS_20180605_St_01,VRNS,25.322,83.03504,12:45,32.18,680,8.37,11,3871.6,968.4,107.3,1100,19.4,100,30,12.8,1.67,0.36,0.08,120,61.66,4.89,5.6,1.2,110,22
GANG_VRNS_20180605_St_02,VRNS,25.2836,83.00994,13:45,32.21,675,7.34,8,3472.8,908,100.4,800,15.1,200,50,5.4,4.72,0.02,0.18,220,75.18,8.85,8,2,350,45
GANG_VRNS_20180605_St_03,VRNS,25.30563,83.01032,14:23,32.37,1077,6.98,26.2,4174.8,932.8,105.9,2620,41.2,100,20,12.8,1.46,0.36,10.93,160,62.52,4.68,2.4,2.4,180,26
GDVR_NRSP_20180502_St_01,NRSP,16.44703,81.70528,7:00,29.97,35000,7.42,3.8,1879.2,1608,204.7,1670,9.1,150,20,1,10.6,0.01,10.3,21000,7067,166,28.8,52.4,300,4
GDVR_NRSP_20180502_St_02,NRSP,16.44335,81.73049,7:50,30.88,30100,7.48,1.9,2852,1159.6,61.6,1570,6.4,1950,380,6,4.59,0.01,1.01,11200,2250,65,24,50.8,8,2
GDVR_NRSP_20180502_St_03,NRSP,16.42438,81.70031,9:10,30.99,51200,7.85,8.5,572,611.2,37.5,2250,15.9,350,60,6,6.14,0.01,0.37,24600,8443,201,31.2,74.4,11,2
GDVR_RJMN_20180503_St_01,RJMN,16.99905,81.76821,8:20,31.91,134,8.2,0.9,425.8,238.1,40.4,70,5,250,40,7.4,0.98,0.01,0.05,60,4.7,1.72,5.6,,1600,4
GDVR_RJMN_20180503_St_02,RJMN,17.02881,81.76802,8:40,31.08,147,7.95,0.9,502.8,407.1,46.3,70,5,150,20,8,1.17,0.01,0.05,80,9.88,1.89,5.6,,30,2
DRIN_NRSP_20180611_St_01,NRSP,16.44586,81.70757,6:01,30.35,22320,6.95,29.15,1181,1110,118.6,680,45.4,700,170,4.1,2.57,0.05,10.32,4800,206.5,63.13,10.4,22,22,6.8
DRIN_NRSP_20180611_St_02,NRSP,16.44274,81.71004,6:35,28.2,1659,6.97,75.7,652,3581.8,289.1,240,112,650,150,2.37,8.21,0.02,11.21,1200,158.87,16.84,6.4,6.4,180,32
DRIN_NRSP_20180611_St_03,NRSP,16.44208,81.70981,7:01,29.75,34300,6.83,33.22,796.1,23662.8,388.5,2070,51.2,900,190,3.02,7.86,0.02,10.41,33800,196.75,114.14,22.4,71.6,1600,220
DRIN_NRSP_20180611_St_04,NRSP,16.42684,81.70076,7:35,29.04,35800,7.04,52.38,1201,2190.1,228.5,1220,78.7,650,170,2.82,5.49,0.06,9.33,5800,196.06,113.24,24,36.8,280,20
DRIN_NRSP_20180611_St_05,NRSP,16.42412,81.69976,8:06,29.9,48700,8.05,17.58,700.5,513.8,39.2,2340,28.8,950,210,5.44,2.23,0.12,0.19,23400,192.3,110.91,28.8,79.2,14,2
DRIN_NRSP_20180611_St_06,NRSP,16.43215,81.68577,9:02,29.97,1263,7.25,83.06,1024,5030.8,272.4,220,122.6,650,160,3.01,9.44,0.02,11.91,400,95.11,14.99,7.2,5.2,95,14
DRIN_NRSP_20180611_St_07,NRSP,16.43217,81.68576,9:16,30.54,789,7.07,54.08,867.5,3447.9,278.8,230,81.1,600,130,4.1,7.51,0.02,12.73,240,50.76,30.22,9.6,4.4,140,14
DRIN_NRSP_20180611_St_08,NRSP,16.43587,81.67757,10:10,30.65,1603,7.02,28.97,1310.2,2056.2,139.5,250,45.2,850,190,2.82,3.07,0.02,5.42,620,173.69,9.54,10.4,4.8,49,11
DRIN_NRSP_20180611_St_09,NRSP,16.43875,81.69264,11:13,30.38,425,7.36,7.77,916.2,981.1,76.2,140,14.8,1400,320,4.06,1.73,0.02,0.81,160,28.68,2.99,11.2,,17,4
DRIN_NRSP_20180611_St_10,NRSP,16.4388,81.69347,11:37,30.14,814,7.06,62.04,744.9,2827,232.9,200,92.5,600,140,2.75,3.91,0.03,10.62,240,55.7,10.2,9.6,3.2,22,6.8
DRIN_NRSP_20180611_St_11,NRSP,16.43968,81.69722,12:06,30.36,813,6.62,69.65,538.7,4371.8,387.4,150,103.4,800,190,2.45,9.79,0.02,10.87,200,43.69,10.18,12.8,,1600,40
DRIN_NRSP_20180611_St_12,NRSP,16.44488,81.7018,13:02,30.6,1512,7.74,26.31,1165.2,1462.8,196.6,200,41.3,600,150,2.41,2.08,0.04,3.11,580,156.39,7.74,8,4,220,17
DRIN_NRSP_20180611_St_13,NRSP,16.44734,81.70389,13:24,30.69,6730,6.96,36.06,1076,1514.7,164,350,55.3,550,120,2.47,2.64,1.048,3.7,4200,209.94,26.71,8.8,9.6,1600,24
